{"id":"1493726388186986439",
"calculate components":0.718008,
"capacity of facilities":20,
"number of components":67938,
"number of facilities":100,
"objective":112604,
"runtime":0.422756,
"total time":4.55914,
"Created":"Thu May 25 11:55:35 2017"
}