{"id":"1492782248413179952",
"calculate components":0.448031,
"capacity of facilities":20,
"number of components":1,
"number of facilities":25,
"objective":149323,
"runtime":0.467823,
"total time":9.39872,
"Created":"Fri May  5 12:11:34 2017"
}